brand,final_price
6pm Sperry Top-Sider Footwear RP,69.99
A-Premium,29.99
ACO perfumes,310.0
AFI,97.99
ALLOSUN,32.99
ALPS Mountaineering,59.99
AMAZON ESSENTIALS,13.2
AMGSH,15.95
ARTEZA,26.99
ASICS,79.9
ASLONG,149.99
AT-A-GLANCE,6.33
ATTCL,25.0
AUMTISC,27.99
AUSELILY,34.99
AVERY,12.833333333333334
AVIA,36.76
Accutire,17.95
Acofect,5.49
Agmibrelr,34.89
AiBOB,37.99
Aiyazhi,19.98
Alex Evenings Womens Dresses,212.88
All Good Makes Everything Better,13.59
Alleson Athletic,17.57
Allewie,139.99
Allsop,10.99
Allstar Innovations,24.99
Amana Tool,23.49
Amazon Basics,19.99
Amazon Essentials,17.891666666666666
Ambesonne,30.46
Anagram International,5.84
Ancor,18.78
Anne Klein,66.5
Anziner,6.99
Aothia,18.95
Aqua,13.15
Aqua Select,399.99
Armitron,31.56
Arpilul,3.99
Art3d,161.49
AsterOutdoor,39.54
Athlio LTD,28.98
Aulzaju,11.99
Auto Ventshade,64.99
Avant Grub,11.99
Awlstar,298.99
B-COOL,25.8
BAMBOOTRAY,21.98
BBK,16.99
BCW,5.51
BDK,30.945
BENTOBEN,10.79
BETOOLL,21.99
BEWISHOME,16.99
BFJLIFE,14.99
BGment,37.99
BIC,9.99
BIDEN,23.99
BIEAMA,19.99
BLACKSTONE,149.66
BOBO BIRD,34.49
BOSCH,49.696666666666665
BTFBM,16.99
BUGANI,69.99
Bach,16.99
Bag Balm,8.49
BainGesk,6.99
Balanced Co.,12.95
Barcaloo,27.99
Bare Home,89.99
Bare peel,389.0
Barn Eleven,19.99
Barton,57.95
Bavilk,16.49
Bedsure,39.99
Belle Poque,31.95
BelugaDesign,9.99
Best Choice Products,114.98499999999999
Best4cat,7.99
BestEquip,249.99
Beyove,21.99
Binami,5.99
Bio-Oil,24.95
Black Rhino,19.99
Blowfish,13.98
Bluemoon Homes,75.99
Boao,7.99
Bocasal,22.99
Bood,49.99
Brainstream,18.35
Braun,94.94
Brentwood,15.49
Brindle,65.26
BrosTrend,33.99
Brother,73.98
Bruntmor,28.49
BtrPower,399.99
Bublo Baby,7.99
Buffalo David Bitton,59.4
Buyer Star,4.99
Bzlaha,9.99
C-Line,8.98
CGK Unlimited,19.99
CIVIVI,33.43
CIYAGPOOU,4.99
CLUCI,99.99
COCO REEF,58.8
COCOMOON,14.99
COMOWARE,35.99
COOLJOB,9.99
CRAYZA,38.99
CROSSSELL,11.99
CRYSULLY,65.99
CULMKARI,89.99
CXK,25.99
California Costumes,12.99
Camco,23.12
Canterbury,34.0
Carhartt Sportswear - Mens,39.99
CaseBuy,14.95
Caseology,14.99
Casio,32.99
Cell9102,69.99
Champion,25.845
Champion Sports,29.62
Chemical Guys,203.59
Chrome Pro,64.9
Clarks,59.99
Classic Accessories,26.19
Classroom,10.08
CleanEspresso,16.99
ClosetMaid,64.7
Codemasters,44.99
Coleman,23.23
Comfort,770.0
Comfyable,25.99
Convenience Concepts,90.92
Cook N Home,33.99
Core 10,23.92
Corsair,376.36
Covercraft,72.55
Creality,299.0
Creative Converting,7.69
Cressi,62.95
Crosley Furniture,390.9
Crux Interfacing,104.78
Cuby,19.99
Curyidy,7.99
D-Link,184.21
D.B.Z.,599.0
DANIEL SMITH,12.835
DEMETER,13.5
DEWALT,200.265
DORA MOMOKO,9.99
DORBOKER,19.99
DRAGONtail Tenkara,16.0
DUMOS,69.99
DUODUO,49.99
DYMO,13.36
DeBelle,298.0
DecorRack,9.99
Delanie,9.99
Dingo,144.95
Disguise,22.8
Diurex,7.22
Dorman,7.92
Dot Records,10.99
Dr. Scholl's Shoes,31.19
Dremel,47.67
DriftAway,27.99
Dritz,5.515000000000001
Dunwell,9.95
DuraSafe Cases,19.99
Duralex,21.58
EKSA,84.99
ELYKEN,56.99
EMINTA,13.39
ENFBAH,7.99
ESRICH,9.99
ETUDE,337.0
EURO TOOL,18.49
EYIW,20.98
Easton,164.95
Ecko Unltd.,19.99
Electronic Arts,17.26
Ellie,45.95
Elmer's,13.98
Ensenior,104.98
Epson,89.99
Ergodyne,34.4
Eurmax,14.39
Exemplary Gardens,25.48
Extreme Max,16.17
F-32,11.95
FANMATS,17.99
FANTPK,7.99
FBLFOBELI,14.99
FLLOBE,6.99
FLYPROFiber,8.79
FMFUNCTEX,34.98
FOGG,220.0
FORTEM,17.99
FORTSTRONG,154.99
FRYE,229.33
FTL,12.99
FYORR,99.0
FZCYLXJ,9.99
Fabbay,8.99
Fantasy,15.69
FantasyDay,11.99
Fauevav,12.99
Fetiwilso,25.99
Fiebing's,9.96
Fihapyli,21.98
Finish Line,63.0
Fintie,15.989999999999998
FloorPops,14.9
Fly Racing,19.5
Fox Racing,78.27
Freestyle STEP,102.99
French Toast Uniforms Children's Apparel,10.99
Freya Women's Intimate Apparel,36.0
Frieling,89.95
Fringe Studio,15.53
Fruit of the Loom,7.76
Fruit of the Loom Women's IA,9.99
FungLam,12.99
Furnish my Place,269.98
GE,12.1
GEDORE,22.07
GEEKRIA,14.99
GENORTH,23.99
GESUM,44.99
GHKWXUE,67.88
GIHETKUT,159.99
GOTRUTH,31.99
GPATIO,37.99
GPX,24.36
GROHE,68.9
GU Energy,38.99
GULEEK,19.99
Galashield,16.99
Garden of Life,10.49
Gardena,27.9
Gator,199.99
Gazigo,23.99
GearIT,43.98
General Tools,6.19
Generic,15.23
Georgia-Pacific,147.7
Gildan,18.89
Glamorise,43.68666666666667
Glo Minerals,46.44
Gloria Vanderbilt,13.9
Go Cuff,11.95
Goddess,41.36
Gore Wear,25.94
Gowithwind,12.95
Greenberry Organics,299.0
Greenlee,26.19
Greenworks,112.49
Grohe,291.9
Groupe SEB,179.95
Gugmoy,15.49
H HESHECEIN,20.91
HANSGO,6.99
HAVLULAND,19.9
HELENA HI IRIS,29.99
HERCULES,6.99
HEWYIOS,16.99
HGHYjrxfkl,19.55
HOMEK,39.95
HONEST,6.49
HOSSIAN,10.99
HOZY,28.79
HUAZI,39.67
HYPERLITE,95.0
Hanes Men's Athletic Child Code,13.8
Hanes Ultimate Baby,14.19
Hannah Linen,15.19
Hansleep,26.99
Hapinest,16.99
Hard-to-Find Fastener,10.99
Heatshield Products,133.99
Hemobllo,32.49
Hemway,9.95
Hickory Hardware,4.73
Homelegance,502.85
Homeweeks,14.99
"Honeywell Safety Products, USA",29.61
Honghao,4.99
Host,17.99
HouseAid,26.99
Huk,37.09
Hunky Dory,99.0
Hunter Fan Company,157.01
Hybrid & Company,19.99
Hydro Flask,49.95
Hyomdeck,139.99
IBENZER,15.99
ICONIX,29.03
IDZO,41.39
IMIKEYA,14.99
IMPACTONLINEPRINTING,16.99
IOGEAR,59.99
IPLUSO,42.99
IRIS,28.04
IRWIN,10.92
ISHARINGTIME,50.99
ISLE Surf and SUP,495.0
ITALYMORN,22.99
Imperial Tool,11.27
In The Swim,19.56
Innova,20.95
Iqimott,21.99
J.west,9.59
JASEN,8.99
JETech,14.985
JINGCHENGMEI,43.99
JOLIKE,35.99
JONATHAN Y,40.55
JOYSTAR,109.99
JUNSYOUNG,59.79
Jayefo,139.99
Jetec,12.99
Jo Malone,60.52
Johnson,25.43
Josmo,27.32
Jot & Mark,5.67
Joy Pebble,299.99
Judith August,17.0
Jueison,7.99
K-Swiss,74.0
KANDENT,49.99
KASOTT,17.88
KEEN,97.35
KEKUOU,34.8
KEOMUD,19.99
KERDOM,129.99
"KEYA SETH AROMATHERAPY, DEVICE OF DROP",309.0
KGORGE,18.95
KHLJJU,56.99
KINOWJI,19.99
KIRKAS,56.99
KMC,9.49
KNIPEX,229.15
KOAKOMI,17.99
KOH KOH,39.95
KREG,99.0
Kamik,39.61
Katarina,99.99
Kaxiida,49.99
Kaya Clinic,108.0
Kelty,129.95
Kenmore,259.9
Kingston Brass,897.56
Kirby,202.52
Kissonic,26.98
Kitdacnin,35.99
Klein Tools,15.72
Kobo,189.99
Kodiak Furniture,555.54
Kohler,69.87
Koumyou,7.99
Krylon,24.39
LANE LINEN,67.99
LASCO,11.03
LDHTY,11.49
LDR Industries,10.38
LEM,35.24
LETTON,25.99
LIGHT FLIGHT,21.99
LIINCCRA,13.99
LIMICAR,27.99
LIYERA,139.99
LOCAME,120.99
LOFBAZ,11.49
LOOGU,11.19
LOTUCY,19.99
LOUTYTUO,37.89
LOVEVOOK,29.59
LOVSPATIO,139.99
LUXURIATE,545.0
LVIOE,29.99
La Flora Organics,175.0
Landau,14.38
Lands' End,44.96
Lenox,87.06
Level Home Inc,199.0
LifeStride,29.98
Lilax,14.99
Linksys,126.49
Liquitex,9.8
Lodge,119.7
Loyanyy,13.99
Ltinist,22.99
Lutron,82.84
LuxUrux,18.54
L’Oréal Paris,940.0
M,120.0
M MAKETHEONE,21.99
M-AUTO,151.99
MAIWO,16.99
MANGOPOP,17.49
MANIC PANIC,11.94
MAYSHINE,26.99
MITZONE,10.99
MOJIOO,9.42
MOJOSCEND,22.09
MTM,14.09
MUMI,24.99
MYBAGZING,24.99
MYPIN,21.99
Madison Park,111.99
Magpul,104.0
Maidenform,21.99
Margal,19.99
Marsram,80.99
Maybelline,371.0
Mead,9.84
Merrell,98.99
Micro Kickboard,99.99
Microsoft,149.99
Millers Forge,14.1
Mineral Fusion,12.19
MitoVilla,13.99
Mizuno,8.0
MoMyofdy,59.99
Molten,34.86
Moose Toys,17.31
Morigins,7.99
Mud Kingdom,9.99
Mudder,13.99
MusiBady,25.99
Mustaches,29.99
MyGift,69.99
NAACOO,15.99
NICETOWN,19.19
NIUTRIP,14.48
NXT NXTRND,16.95
NZND,13.98
Naanle,17.98
Naiveer,215.99
Nat Habit,179.0
Native Union,29.99
Natural Factors,23.07
Naturalizer,114.95
Nature's Answer,12.74
Nature's Bounty,9.99
Nature's Way,8.48
Nautica,33.885000000000005
Navitas Organics,26.99
Neewer,97.19
Neoflam,35.14
New Balance,63.7
Ngbhtiob,33.99
Nike,563.0
Noble Mount,17.99
Nordic Pure,26.95
Novsix,11.99
O2COOL,29.99
OFBAND,5.39
OHDS,20.99
OImaster,33.99
OVRUNS,9.99
OXYGLOW HERBALS,177.0
Oakley,95.99
Oakley Young Men's,17.81
Ohuhu,59.99
Old Tree,299.0
Olympia Tools,14.99
Onateel,75.99
Oopsu,15.99
Oregon,14.5
Organic Harvest,196.0
OshKosh B'Gosh,28.5
Ottomanson,39.87
Ouray Sportswear,38.67
Outward Hound,9.11
Owin,15.99
OwnMy,16.99
P. Graham Dunn,9.07
PANDANINJIA,21.99
PHF,47.99
PILOT,16.79
PIONEER,123.4
PIT66,199.99
POSAID,27.99
POWERTEC,75.94500000000001
PULAIXIN,21.99
PULOTE,44.99
PUMA,54.95
PURPLE LADYBUG,12.98
Paercute,12.99
Parag fragrances,399.0
Park Tool,16.95
Patelai,8.99
Patio,28.98
Paul Sebastian,21.99
Pawcomon,17.99
Pentek,9.81
Pfister,57.45
Phantoscope,32.99
Physicians Formula,11.99
PieceCircle,15.99
Pirelli,140.88
Pixelman,9.99
Planet Dog,11.99
Plano,11.99
Poetic,18.95
Popshion,13.99
Posh Creations,51.74
Power Theory,15.95
PowerA,44.0
Powerblanket,327.3
Powerbuilt,23.62
Precision Pet Products,52.87
PrelerDIY,17.88
Prepac,116.99
Presentime,13.99
Primpins,19.99
Probrico,54.99
Propet,27.465
Pure Sole,47.95
QBLEEV,35.99
Qlvily,17.99
Quincry,16.98
Quip,37.99
RAMSONS,455.0
RELY+ SMART GLOBAL SUPPLIES,11.99
RENWENA,25.99
RIDGID,25.38
RIKIMARU,12.98
ROYMADE,13.99
RSVP International,13.91
RUGER,19.6
RUVANTI,27.34
Rawlings,54.95
Razer,93.95
Re Play,10.99
Red Lantern,129.0
Remo,42.5
Resin TEAK,599.99
Restlrious,129.99
Ringside,48.49
Rollerblade,130.5
RoomMates,15.665
Rotring,29.99
Rust-Oleum,10.08
SAMSUNG,218.23
SANTINY,19.99
SAURA LIFE SCIENCE,799.0
SAYONEYES,16.97
SCHLAGE,14.47
SHEETS LAUNDRY CLUB,62.99
SIBLYMONA,9.99
SIMPLGIRL,159.99
SKEZN,12.99
SKL Home,15.69
SLEEKLIGHTING,16.89
SLOGENTO,16.97
SMARTSTANDARD,169.99
SOFTKISS,19.99
SOLEDI,31.98
SPWOMYGD,24.99
SPYPOINT,69.99
STAMIO,189.0
STQ,29.99
SUOMMO,9.79
SUUNTO,338.78
Safavieh,90.09
Safco,33.4
SaiMeun,14.99
SanJie,48.99
Sanita,93.39
Satco,17.0
Satthwa,298.0
Schiff,26.64
Scott,55.0
Scubapro,39.99
SeaVees,47.21
Seagate,332.99
Seresto,103.0
Set Wet,629.0
Shadowline,45.92
Shoreline Marine,9.36
Sigma,62.99
Signature Fitness,99.99
Simple Deluxe,77.99
Simple Designs,22.24
Skechers,59.763999999999996
SkinInspired,170.0
SkyBound,78.99
Sloggers,34.99
Smead,22.34
Smith,60.0
Soliocial,12.98
Sony,389.0
Sotiff,22.99
SpaChoice,37.99
SparkSettings,14.99
SpeTool,49.99
Sperry,64.75
Spoontiques,9.76
Sqwincher,130.95
Stahlwille,141.1
Star Wars,31.98
Sterilite,40.79
Steve Madden,53.01
Stone Lain,119.99
Stonewall Kitchen,13.19
Streetwise Security,19.6
Sulyn,5.41
Sumind,21.99
Superfeet,46.55
Superun,129.99
Swanson,12.8
Swingline,17.45
TCP Global,19.99
TENLLEY,19.49
TFROCO,18.99
TI-TOO,13.99
TICONN,15.99
TOMS,43.14
TRQ,87.87
TSI Supercool,7.33
TUEMOS,18.97
TUFFIOM,62.99
TUMOVO,7.99
TUOB,159.99
TWINSLUXES,33.99
Team Effort,11.53
Techion,9.99
The Beistle Company,7.14
The Children's Place,24.0
The Northwest Company,45.99
The Step,46.84
TiMOVO,13.49
Timberland,94.99
Timberland PRO,92.49
Titebond,7.28
Toland Home Garden,7.48
Toni&Guy,118.0
TooCust,25.99
Tornado,79.84
Towallmark,44.99
Travelpro International Inc.,195.49
Trend,57.33
TropiClean,19.99
UGG,51.38
UUCOVERS,22.99
UULMBUJ,19.99
Under Armour,39.625
Under Armour Apparel,37.52
UorMe,13.99
VAADI HERBALS,189.0
VADANIA,78.0
VELCRO Brand,12.03
VESAFE,39.99
VEVOR,79.18
VISDOLL,8.99
VIVOHOME,89.99
VP Home,24.99
Vans,70.0
Vearter,11.19
Venum,82.5
Vesgantti,199.98
Vibratex,23.18
Victorinox,42.9
WAX-SET01-5PCS,9.99
WETIKE,33.29
WILLIT,28.99
WILSON,109.99
WINGBO,314.99
WOW! STUFF,25.99
WURAWUS,17.99
WYOX,17.99
Wacoal,36.21
Wagner,30.97
WallFlower,35.08
Waternymph,14.99
Wearable4U,259.99
Wellness,22.8
Wenew,9.99
Whirlpool,52.8
Whirlpool Parts and Accessories,52.11
WhiteFang,39.99
Wired Whisk,9.99
Wolverine,176.95
Woman Within,29.99
Wonesifee,15.98
WoofWorks,48.99
World Traveler,34.43
Wrap-On,68.48
Wyocks,13.99
Wztepeng,51.0
XWQHJW,45.99
XYark,18.99
Xerox,126.98
Xgunion,9.98
Xlear,10.55
YORWHIN,47.99
YSAGi,12.59
YSCare,17.99
YSSOA,19.99
YTFGGY,4.99
Yakuna,9.99
Yes4All,81.49
YiHICO,309.99
Yoochee,28.99
Yottjacky,39.99
Yulejo,7.99
ZAFLY,579.99
ZAGG,4.5
ZOSTLAND,6.97
ZRLWIVE,29.69
ZRRHOO,28.99
ZVE,29.99
Zak Designs,17.32
Zeerkeer,66.98
Zephyr,22.17
ZeroPone,105.99
Zevnico,15.99
Zhanmai,35.99
Zippo,27.95
adidas,59.36
adidas Originals,35.62
andy & natalie,39.99
anngrowy,7.99
balega,13.32
be studied,69.99
beukei,6.85
crysting,20.99
defean,19.99
ePackageSupply,7.74
harrrrd,39.89
item4ever,8.99
kmucutie,36.99
molshine,9.49
mushie,7.99
nsb herbals,199.0
nuLOOM,41.9
seceles,31.99
superbpag,29.99
thermomate,229.99
unknown,84.75
wochel,15.99
wusoda,17.99
